{  "Format": "2.7.0",
  "Changes": [
{   "Action": "EditImage",
			"Patchmode":"Overlay",
            "Target": "Maps/Spring_Xiddav",
            "FromFile": "recolors/starblue/Spring_Xiddav.png",
			"When":  { "HasFile:{{FromFile}}": true,"Hasmod":"Lita.StarblueValleyUnofficial"}},
{   "Action": "EditImage",
			"Patchmode":"Overlay",
            "Target": "Maps/Summer_Xiddav",
            "FromFile": "recolors/starblue/Summer_Xiddav.png",
			"When":  { "HasFile:{{FromFile}}": true,"Hasmod":"Lita.StarblueValleyUnofficial"}},
{   "Action": "EditImage",
			"Patchmode":"Overlay",
            "Target": "Maps/Fall_Xiddav",
            "FromFile": "recolors/starblue/Fall_Xiddav.png",
			"When":  { "HasFile:{{FromFile}}": true,"Hasmod":"Lita.StarblueValleyUnofficial"}},
{   "Action": "EditImage",
			"Patchmode":"Overlay",
            "Target": "Maps/Winter_Xiddav",
            "FromFile": "recolors/starblue/Winter_Xiddav.png",
			"When":  { "HasFile:{{FromFile}}": true,"Hasmod":"Lita.StarblueValleyUnofficial"}},	
{   "Action": "EditImage",
			"Patchmode":"Overlay",
            "Target": "Maps/Xiddav_Indoor",
            "FromFile": "recolors/starblue/Xiddav_Indoor.png",
			"When":  { "HasFile:{{FromFile}}": true,"Hasmod":"Lita.StarblueValleyUnofficial"}},
{   "Action": "EditImage",
			"Patchmode":"Overlay",
            "Target": "Maps/Xiddav_FestivalExtras",
            "FromFile": "recolors/starblue/Xiddav_FestivalExtras.png",
			"When":  { "HasFile:{{FromFile}}": true,"Hasmod":"Lita.StarblueValleyUnofficial"}},
  ] }